listing_id,address,suburb,state,postcode,property_type,bedrooms,bathrooms,car_spaces,land_size_m2,latitude,longitude,sale_date,sale_method,sale_price,source_url,source_file,source_page,expected_suburb
2020608929,351 Avoca Street,Randwick,NSW,2031,House,4,2,2,,-33.92598,151.2395,2026-04-28,by private treaty,2500000,https://www.domain.com.au/351-avoca-street-randwick-nsw-2031-2020608929,"1951 Houses Sold & Auction Results in Randwick, NSW, 2031 _ Domain.html",1,Randwick
2020661518,25 Wentworth Street,Randwick,NSW,2031,House,4,2,1,270,-33.904705,151.24142,2026-04-30,prior to auction,4035000,https://www.domain.com.au/25-wentworth-street-randwick-nsw-2031-2020661518,"1951 Houses Sold & Auction Results in Randwick, NSW, 2031 _ Domain.html",1,Randwick
2020703422,11 Waverley Street,Randwick,NSW,2031,House,3,2,,,-33.9082,151.24123,2026-04-24,prior to auction,2615000,https://www.domain.com.au/11-waverley-street-randwick-nsw-2031-2020703422,"1951 Houses Sold & Auction Results in Randwick, NSW, 2031 _ Domain.html",1,Randwick
2020746401,29 Earl Street,Randwick,NSW,2031,House,5,3,1,,-33.90431,151.24251,2026-04-28,prior to auction,4361000,https://www.domain.com.au/29-earl-street-randwick-nsw-2031-2020746401,"1951 Houses Sold & Auction Results in Randwick, NSW, 2031 _ Domain.html",1,Randwick
2020747147,27 Henry Street,Randwick,NSW,2031,SemiDetached,5,3,,234,-33.924248,151.24635,2026-05-09,at auction,3050000,https://www.domain.com.au/27-henry-street-randwick-nsw-2031-2020747147,"1951 Houses Sold & Auction Results in Randwick, NSW, 2031 _ Domain.html",1,Randwick
2020750657,67A Carrington Road,Randwick,NSW,2031,House,5,3,2,,-33.908783,151.25212,2026-04-22,prior to auction,4900000,https://www.domain.com.au/67a-carrington-road-randwick-nsw-2031-2020750657,"1951 Houses Sold & Auction Results in Randwick, NSW, 2031 _ Domain.html",1,Randwick
2020759679,101 King Street,Randwick,NSW,2031,House,4,4,2,,-33.907368,151.2386,2026-05-27,by private treaty,4400000,https://www.domain.com.au/101-king-street-randwick-nsw-2031-2020759679,"1951 Houses Sold & Auction Results in Randwick, NSW, 2031 _ Domain.html",1,Randwick
2020761301,33 Queen Street,Randwick,NSW,2031,SemiDetached,3,2,1,265,-33.91874,151.24777,2026-05-09,prior to auction,2950000,https://www.domain.com.au/33-queen-street-randwick-nsw-2031-2020761301,"1951 Houses Sold & Auction Results in Randwick, NSW, 2031 _ Domain.html",1,Randwick
2020766312,14 William Street,Randwick,NSW,2031,House,3,2,2,,-33.907497,151.23433,2026-06-12,by private treaty,3515000,https://www.domain.com.au/14-william-street-randwick-nsw-2031-2020766312,"1951 Houses Sold & Auction Results in Randwick, NSW, 2031 _ Domain.html",1,Randwick
2020800622,40A Carrington Road,Randwick,NSW,2031,House,4,3,,,-33.906254,151.25212,2026-06-16,prior to auction,2540000,https://www.domain.com.au/40a-carrington-road-randwick-nsw-2031-2020800622,"1951 Houses Sold & Auction Results in Randwick, NSW, 2031 _ Domain.html",1,Randwick
2020804816,3 Carter Street,Randwick,NSW,2031,House,4,1,2,308,-33.905243,151.24341,2026-05-22,prior to auction,3575000,https://www.domain.com.au/3-carter-street-randwick-nsw-2031-2020804816,"1951 Houses Sold & Auction Results in Randwick, NSW, 2031 _ Domain.html",1,Randwick
2020838220,16 Farnham Avenue,Randwick,NSW,2031,House,3,2,1,356,-33.914486,151.24805,2026-06-12,prior to auction,3250000,https://www.domain.com.au/16-farnham-avenue-randwick-nsw-2031-2020838220,"1951 Houses Sold & Auction Results in Randwick, NSW, 2031 _ Domain.html",1,Randwick
2020840412,8 Dudley Street,Randwick,NSW,2031,House,4,3,2,411,-33.91997,151.24628,2026-06-13,at auction,3600000,https://www.domain.com.au/8-dudley-street-randwick-nsw-2031-2020840412,"1951 Houses Sold & Auction Results in Randwick, NSW, 2031 _ Domain.html",1,Randwick
2020841366,25 Avoca Street,Randwick,NSW,2031,House,2,1,,,-33.904392,151.24484,2026-05-28,prior to auction,2500000,https://www.domain.com.au/25-avoca-street-randwick-nsw-2031-2020841366,"1951 Houses Sold & Auction Results in Randwick, NSW, 2031 _ Domain.html",1,Randwick
2020877801,3 Glen Avenue,Randwick,NSW,2031,House,5,2,2,518,-33.9137,151.24864,2026-06-19,prior to auction,5350000,https://www.domain.com.au/3-glen-avenue-randwick-nsw-2031-2020877801,"1951 Houses Sold & Auction Results in Randwick, NSW, 2031 _ Domain.html",1,Randwick
2020909276,6 Helena Street,Randwick,NSW,2031,House,4,3,1,460,-33.92467,151.24042,2026-06-26,at auction,4775000,https://www.domain.com.au/6-helena-street-randwick-nsw-2031-2020909276,"1951 Houses Sold & Auction Results in Randwick, NSW, 2031 _ Domain.html",1,Randwick
2020914861,14 William Street,Randwick,NSW,2031,House,3,2,2,,-33.907497,151.23433,2026-06-12,by private treaty,3515000,https://www.domain.com.au/14-william-street-randwick-nsw-2031-2020914861,"1951 Houses Sold & Auction Results in Randwick, NSW, 2031 _ Domain.html",1,Randwick
2020929488,10 Chiltern Street,Randwick,NSW,2031,Terrace,4,2,2,,-33.92303,151.23624,2026-06-02,by private treaty,3550000,https://www.domain.com.au/10-chiltern-street-randwick-nsw-2031-2020929488,"1951 Houses Sold & Auction Results in Randwick, NSW, 2031 _ Domain.html",1,Randwick
2020929559,20 Chiltern Street,Randwick,NSW,2031,Terrace,3,2,2,,-33.92303,151.23624,2026-05-11,by private treaty,2850000,https://www.domain.com.au/20-chiltern-street-randwick-nsw-2031-2020929559,"1951 Houses Sold & Auction Results in Randwick, NSW, 2031 _ Domain.html",1,Randwick
2021091578,15 Chiltern Street,Randwick,NSW,2031,House,3,3,2,237,-33.92303,151.23624,2026-09-10,prior to auction,2900000,https://www.domain.com.au/15-chiltern-street-randwick-nsw-2031-2021091578,"1951 Houses Sold & Auction Results in Randwick, NSW, 2031 _ Domain.html",1,Randwick
2020549550,8 Fraser street,Randwick,NSW,2031,House,3,3,2,243,-33.907185,151.24617,2026-03-23,by private treaty,3520000,https://www.domain.com.au/8-fraser-street-randwick-nsw-2031-2020549550,randwick2.html,2,Randwick
2020563268,12 Gilderthorpe Avenue,Randwick,NSW,2031,House,3,1,,227,-33.906498,151.24751,2026-03-19,prior to auction,3150000,https://www.domain.com.au/12-gilderthorpe-avenue-randwick-nsw-2031-2020563268,randwick2.html,2,Randwick
2020577430,57 Oberon Street,Randwick,NSW,2031,House,3,2,1,,-33.924232,151.24313,2026-03-18,prior to auction,2665000,https://www.domain.com.au/57-oberon-street-randwick-nsw-2031-2020577430,randwick2.html,2,Randwick
2020597501,151 Rainbow Street,Randwick,NSW,2031,House,4,3,2,257,-33.925976,151.24054,2026-03-27,at auction,3075000,https://www.domain.com.au/151-rainbow-street-randwick-nsw-2031-2020597501,randwick2.html,2,Randwick
2020604264,6 Stanley Street,Randwick,NSW,2031,House,5,3,4,415,-33.907238,151.24214,2026-03-14,at auction,5065000,https://www.domain.com.au/6-stanley-street-randwick-nsw-2031-2020604264,randwick2.html,2,Randwick
2020606033,110 Oberon,Randwick,NSW,2031,House,4,3,2,468,-33.925125,151.24635,2026-04-13,by private treaty,6100000,https://www.domain.com.au/110-oberon-randwick-nsw-2031-2020606033,randwick2.html,2,Randwick
2020615654,13 Waverley Street,Randwick,NSW,2031,House,2,1,,132,-33.908253,151.24123,2026-03-21,at auction,2110000,https://www.domain.com.au/13-waverley-street-randwick-nsw-2031-2020615654,randwick2.html,2,Randwick
2020624252,4 Astolat Street,Randwick,NSW,2031,House,4,3,1,,-33.908077,151.24492,2026-03-15,at auction,5000000,https://www.domain.com.au/4-astolat-street-randwick-nsw-2031-2020624252,randwick2.html,2,Randwick
2020650435,1 Helena Street,Randwick,NSW,2031,House,4,2,2,446,-33.925037,151.24008,2026-03-12,prior to auction,3220000,https://www.domain.com.au/1-helena-street-randwick-nsw-2031-2020650435,randwick2.html,2,Randwick
2020653620,36 Cowper Street,Randwick,NSW,2031,House,4,2,1,500,-33.90915,151.23761,2026-04-20,at auction,4000000,https://www.domain.com.au/36-cowper-street-randwick-nsw-2031-2020653620,randwick2.html,2,Randwick
2020662660,5 Mort Street,Randwick,NSW,2031,House,5,4,1,,-33.9049,151.23874,2026-03-20,at auction,8005000,https://www.domain.com.au/5-mort-street-randwick-nsw-2031-2020662660,randwick2.html,2,Randwick
2020674724,2 Sydney Street,Randwick,NSW,2031,House,3,2,2,380,-33.908676,151.24164,2026-03-05,by private treaty,6000000,https://www.domain.com.au/2-sydney-street-randwick-nsw-2031-2020674724,randwick2.html,2,Randwick
2020676440,57 St Marks Road,Randwick,NSW,2031,House,2,1,,,-33.91216,151.24666,2026-03-23,prior to auction,2490000,https://www.domain.com.au/57-st-marks-road-randwick-nsw-2031-2020676440,randwick2.html,2,Randwick
2020676722,Terrace 2/16 Botany Street,Randwick,NSW,2031,Terrace,3,2,2,,-33.91384,151.2369,2026-04-02,prior to auction,3425000,https://www.domain.com.au/terrace-2-16-botany-street-randwick-nsw-2031-2020676722,randwick2.html,2,Randwick
2020680084,198 Clovelly Road,Randwick,NSW,2031,House,4,2,1,,-33.91128,151.25264,2026-03-20,at auction,4225000,https://www.domain.com.au/198-clovelly-road-randwick-nsw-2031-2020680084,randwick2.html,2,Randwick
2020688165,9 Hay Street,Randwick,NSW,2031,House,5,3,2,408,-33.92012,151.23679,2026-04-09,prior to auction,3460000,https://www.domain.com.au/9-hay-street-randwick-nsw-2031-2020688165,randwick2.html,2,Randwick
2020747986,225B Rainbow Street,Randwick,NSW,2031,House,4,3,1,,-33.926697,151.24582,2026-04-20,at auction,3580000,https://www.domain.com.au/225b-rainbow-street-randwick-nsw-2031-2020747986,randwick2.html,2,Randwick
2020779742,7 Chiltern Street,Randwick,NSW,2031,House,3,3,2,5478,-33.92303,151.23624,2026-04-21,by private treaty,3150000,https://www.domain.com.au/7-chiltern-street-randwick-nsw-2031-2020779742,randwick2.html,2,Randwick
2020889445,3 Park Avenue,Randwick,NSW,2031,House,4,2,1,,-33.9046,151.24942,2026-03-05,by private treaty,4600000,https://www.domain.com.au/3-park-avenue-randwick-nsw-2031-2020889445,randwick2.html,2,Randwick
2021036035,224 Alison Road,Randwick,NSW,2031,House,9,5,2,574,-33.913177,151.2439,2026-03-11,by private treaty,5300000,https://www.domain.com.au/224-alison-road-randwick-nsw-2031-2021036035,randwick2.html,2,Randwick
2020247084,71 Pitt Street,Parramatta,NSW,2150,House,6,2,5,455,-33.826115,150.99406,2025-09-27,at auction,1771000,https://www.domain.com.au/71-pitt-street-parramatta-nsw-2150-2020247084,Parrametta1.html,1,Parramatta
2020287315,42 Morton Street,Parramatta,NSW,2150,SemiDetached,5,3,2,,-33.809555,151.01825,2025-11-17,by private treaty,2125000,https://www.domain.com.au/42-morton-street-parramatta-nsw-2150-2020287315,Parrametta1.html,1,Parramatta
2020289692,7A Irving Street,Parramatta,NSW,2150,House,5,3,2,462,-33.81073,151.0213,2025-12-09,by private treaty,1680000,https://www.domain.com.au/7a-irving-street-parramatta-nsw-2150-2020289692,Parrametta1.html,1,Parramatta
2020292886,1 Irving Street,Parramatta,NSW,2150,House,3,2,3,942,-33.81121,151.02153,2025-10-28,by private treaty,2650000,https://www.domain.com.au/1-irving-street-parramatta-nsw-2150-2020292886,Parrametta1.html,1,Parramatta
2020318854,131A Victoria Road,Parramatta,NSW,2150,House,3,2,2,343,-33.808956,151.01866,2025-11-08,by private treaty,1230000,https://www.domain.com.au/131a-victoria-road-parramatta-nsw-2150-2020318854,Parrametta1.html,1,Parramatta
2020324677,58 Crimea Street,Parramatta,NSW,2150,House,3,2,2,613,-33.822952,150.994,2026-02-09,by private treaty,1620000,https://www.domain.com.au/58-crimea-street-parramatta-nsw-2150-2020324677,Parrametta1.html,1,Parramatta
2020353724,38 Inkerman Street,Parramatta,NSW,2150,House,3,2,4,698,-33.823643,151.00058,2025-11-15,at auction,2010500,https://www.domain.com.au/38-inkerman-street-parramatta-nsw-2150-2020353724,Parrametta1.html,1,Parramatta
2020416836,25 Lansdowne Street,Parramatta,NSW,2150,House,3,1,2,,-33.822258,151.00177,2025-12-13,at auction,1500000,https://www.domain.com.au/25-lansdowne-street-parramatta-nsw-2150-2020416836,Parrametta1.html,1,Parramatta
2020418375,7 Trott Street,Parramatta,NSW,2150,House,2,1,2,,-33.80574,151.00323,2025-12-06,at auction,1150000,https://www.domain.com.au/7-trott-street-parramatta-nsw-2150-2020418375,Parrametta1.html,1,Parramatta
2020421139,1 Auburn Street,Parramatta,NSW,2150,House,3,2,1,717,-33.826157,150.99384,2025-12-03,prior to auction,1500000,https://www.domain.com.au/1-auburn-street-parramatta-nsw-2150-2020421139,Parrametta1.html,1,Parramatta
2020439528,114 Thomas Street,Parramatta,NSW,2150,House,3,2,1,381,-33.81262,151.02042,2025-12-13,at auction,1360000,https://www.domain.com.au/114-thomas-street-parramatta-nsw-2150-2020439528,Parrametta1.html,1,Parramatta
2020502073,124 Thomas Street,Parramatta,NSW,2150,House,3,1,1,739,-33.81279,151.02124,2026-06-27,by private treaty,2300000,https://www.domain.com.au/124-thomas-street-parramatta-nsw-2150-2020502073,Parrametta1.html,1,Parramatta
2020599158,13 Morton Street,Parramatta,NSW,2150,House,4,3,2,461,-33.811596,151.0171,2026-04-04,by private treaty,1800000,https://www.domain.com.au/13-morton-street-parramatta-nsw-2150-2020599158,Parrametta1.html,1,Parramatta
2020721730,11 Pemberton Street,Parramatta,NSW,2150,House,3,1,1,461,-33.811855,151.01978,2026-05-27,by private treaty,1610000,https://www.domain.com.au/11-pemberton-street-parramatta-nsw-2150-2020721730,Parrametta1.html,1,Parramatta
2020744269,28 Marsden Street,Parramatta,NSW,2150,House,3,1,1,505,-33.825108,150.99956,2026-05-02,at auction,1555000,https://www.domain.com.au/28-marsden-street-parramatta-nsw-2150-2020744269,Parrametta1.html,1,Parramatta
2020749469,57 Pitt Street,Parramatta,NSW,2150,House,4,2,2,236,-33.825397,150.99416,2026-05-12,by private treaty,1310000,https://www.domain.com.au/57-pitt-street-parramatta-nsw-2150-2020749469,Parrametta1.html,1,Parramatta
2020775848,51 Gore Street,Parramatta,NSW,2150,House,3,1,1,461,-33.809044,151.01682,2026-05-16,at auction,1480000,https://www.domain.com.au/51-gore-street-parramatta-nsw-2150-2020775848,Parrametta1.html,1,Parramatta
2020824771,39 Pitt Street,Parramatta,NSW,2150,SemiDetached,5,3,2,319,-33.822918,150.99506,2026-05-27,at auction,1438888,https://www.domain.com.au/39-pitt-street-parramatta-nsw-2150-2020824771,Parrametta1.html,1,Parramatta
2020895238,6/50 Morton Street,Parramatta,NSW,2150,Villa,2,2,1,,-33.808857,151.0185,2026-06-30,by private treaty,850000,https://www.domain.com.au/6-50-morton-street-parramatta-nsw-2150-2020895238,Parrametta1.html,1,Parramatta
2020990997,33 Rosehill St,Parramatta,NSW,2150,House,4,1,1,691,-33.824707,150.9991,2026-08-08,by private treaty,2080000,https://www.domain.com.au/33-rosehill-st-parramatta-nsw-2150-2020990997,Parrametta1.html,1,Parramatta
2019467150,41 Gore Street,Parramatta,NSW,2150,House,3,2,1,449,-33.809635,151.01665,2025-06-16,by private treaty,1660000,https://www.domain.com.au/41-gore-street-parramatta-nsw-2150-2019467150,Parramattar2.html,2,Parramatta
2019637918,29 Gore Street,Parramatta,NSW,2150,House,3,2,3,442,-33.810246,151.01648,2025-04-24,by private treaty,1720000,https://www.domain.com.au/29-gore-street-parramatta-nsw-2150-2019637918,Parramattar2.html,2,Parramatta
2019783125,84 Crimea Street,Parramatta,NSW,2150,House,5,3,2,303,-33.822853,150.9915,2025-02-28,prior to auction,2170000,https://www.domain.com.au/84-crimea-street-parramatta-nsw-2150-2019783125,Parramattar2.html,2,Parramatta
2019802818,8 Lansdowne Street,Parramatta,NSW,2150,House,4,2,2,524,-33.82202,151.00018,2025-04-18,by private treaty,2080000,https://www.domain.com.au/8-lansdowne-street-parramatta-nsw-2150-2019802818,Parramattar2.html,2,Parramatta
2019830783,64 Macarthur Street,Parramatta,NSW,2150,House,3,2,1,1334,-33.810097,151.01466,2025-06-06,by private treaty,2650000,https://www.domain.com.au/64-macarthur-street-parramatta-nsw-2150-2019830783,Parramattar2.html,2,Parramatta
2019868925,5 Tennyson Street,Parramatta,NSW,2150,House,5,2,2,743,-33.81202,151.02057,2025-04-12,at auction,2045000,https://www.domain.com.au/5-tennyson-street-parramatta-nsw-2150-2019868925,Parramattar2.html,2,Parramatta
2019872630,6 Carrington Street,Parramatta,NSW,2150,House,3,2,3,670,-33.82403,150.99641,2025-04-29,by private treaty,1700000,https://www.domain.com.au/6-carrington-street-parramatta-nsw-2150-2019872630,Parramattar2.html,2,Parramatta
2019872716,6 Wandsworth Street,Parramatta,NSW,2150,House,4,1,2,543,-33.811203,151.01582,2025-04-12,at auction,1800000,https://www.domain.com.au/6-wandsworth-street-parramatta-nsw-2150-2019872716,Parramattar2.html,2,Parramatta
2019880662,12 Noller Parade,Parramatta,NSW,2150,House,6,3,2,560,-33.816593,151.01656,2025-04-25,by private treaty,2360000,https://www.domain.com.au/12-noller-parade-parramatta-nsw-2150-2019880662,Parramattar2.html,2,Parramatta
2019901833,33 Morton Street,Parramatta,NSW,2150,House,4,2,2,455,-33.810543,151.01746,2025-05-10,at auction,1672000,https://www.domain.com.au/33-morton-street-parramatta-nsw-2150-2019901833,Parramattar2.html,2,Parramatta
2019912932,18 Oak Street,Parramatta,NSW,2150,House,6,3,2,612,-33.819637,151.01875,2025-07-03,by private treaty,1850000,https://www.domain.com.au/18-oak-street-parramatta-nsw-2150-2019912932,Parramattar2.html,2,Parramatta
2019917987,30 Wandsworth Street,Parramatta,NSW,2150,House,2,1,2,332,-33.809376,151.01633,2025-05-03,at auction,1540000,https://www.domain.com.au/30-wandsworth-street-parramatta-nsw-2150-2019917987,Parramattar2.html,2,Parramatta
2019948228,22 Young Street,Parramatta,NSW,2150,House,3,1,2,,-33.82534,150.99243,2025-05-10,by private treaty,1230000,https://www.domain.com.au/22-young-street-parramatta-nsw-2150-2019948228,Parramattar2.html,2,Parramatta
2019953310,113 Railway Street,Parramatta,NSW,2150,House,2,1,,,-33.82386,150.99458,2025-05-21,prior to auction,830000,https://www.domain.com.au/113-railway-street-parramatta-nsw-2150-2019953310,Parramattar2.html,2,Parramatta
2019964690,158 Railway Street,Parramatta,NSW,2150,House,3,1,2,455,-33.824337,150.99445,2025-05-24,at auction,1472000,https://www.domain.com.au/158-railway-street-parramatta-nsw-2150-2019964690,Parramattar2.html,2,Parramatta
2019964694,8 Gould Place,Parramatta,NSW,2150,House,3,3,2,467,-33.81104,151.01881,2025-06-06,by private treaty,1950000,https://www.domain.com.au/8-gould-place-parramatta-nsw-2150-2019964694,Parramattar2.html,2,Parramatta
2020004704,4 Alma Street,Parramatta,NSW,2150,House,3,1,2,582,-33.82389,150.99873,2025-06-14,at auction,1430000,https://www.domain.com.au/4-alma-street-parramatta-nsw-2150-2020004704,Parramattar2.html,2,Parramatta
2020016286,14 ROSS STREET,Parramatta,NSW,2150,House,3,3,8,437,-33.807392,151.00449,2025-09-23,by private treaty,3000000,https://www.domain.com.au/14-ross-street-parramatta-nsw-2150-2020016286,Parramattar2.html,2,Parramatta
2020055889,76 O'Connell Street,Parramatta,NSW,2150,House,3,1,1,253,-33.803368,151.00342,2025-07-05,at auction,1150000,https://www.domain.com.au/76-o-connell-street-parramatta-nsw-2150-2020055889,Parramattar2.html,2,Parramatta
2020213990,9 Carrington Street,Parramatta,NSW,2150,House,5,3,2,455,-33.824074,150.99594,2025-09-20,at auction,1785000,https://www.domain.com.au/9-carrington-street-parramatta-nsw-2150-2020213990,Parramattar2.html,2,Parramatta
2020522373,52 Balmoral Street,Blacktown,NSW,2148,House,4,1,1,696,-33.774178,150.90274,2026-09-08,by private treaty,1300000,https://www.domain.com.au/52-balmoral-street-blacktown-nsw-2148-2020522373,Blacktown.html,1,Blacktown
2020854746,28 Eggleton Street,Blacktown,NSW,2148,House,3,1,2,866,-33.749477,150.92068,2026-08-13,by private treaty,1263000,https://www.domain.com.au/28-eggleton-street-blacktown-nsw-2148-2020854746,Blacktown.html,1,Blacktown
2020928309,41 Dagmar Crescent,Blacktown,NSW,2148,House,3,1,2,569,-33.777912,150.89784,2026-08-18,by private treaty,880000,https://www.domain.com.au/41-dagmar-crescent-blacktown-nsw-2148-2020928309,Blacktown.html,1,Blacktown
2020935111,45 & 45a Dina Beth Avenue,Blacktown,NSW,2148,House,5,2,4,,-33.77313,150.88594,2026-08-14,by private treaty,1250000,https://www.domain.com.au/45-45a-dina-beth-avenue-blacktown-nsw-2148-2020935111,Blacktown.html,1,Blacktown
2020942686,41 Burrell Parade,Blacktown,NSW,2148,House,3,1,2,556,-33.778255,150.8859,2026-08-11,by private treaty,960000,https://www.domain.com.au/41-burrell-parade-blacktown-nsw-2148-2020942686,Blacktown.html,1,Blacktown
2020956124,59 Walters Road,Blacktown,NSW,2148,House,3,1,1,562,-33.77647,150.89546,2026-08-08,at auction,900000,https://www.domain.com.au/59-walters-road-blacktown-nsw-2148-2020956124,Blacktown.html,1,Blacktown
2020975715,12 Glamorgan Street,Blacktown,NSW,2148,House,3,1,1,556,-33.78562,150.90953,2026-08-11,by private treaty,1030000,https://www.domain.com.au/12-glamorgan-street-blacktown-nsw-2148-2020975715,Blacktown.html,1,Blacktown
2020986492,38-38A Burrell Parade,Blacktown,NSW,2148,House,5,3,4,563,-33.77853,150.88475,2026-08-28,by private treaty,1480000,https://www.domain.com.au/38-38a-burrell-parade-blacktown-nsw-2148-2020986492,Blacktown.html,1,Blacktown
2020999920,57 Walters Road,Blacktown,NSW,2148,House,3,1,1,835,-33.77636,150.89548,2026-08-08,at auction,1221000,https://www.domain.com.au/57-walters-road-blacktown-nsw-2148-2020999920,Blacktown.html,1,Blacktown
2021007303,39 Burke Street,Blacktown,NSW,2148,House,5,3,2,,-33.783436,150.89615,2026-08-26,by private treaty,1500000,https://www.domain.com.au/39-burke-street-blacktown-nsw-2148-2021007303,Blacktown.html,1,Blacktown
2021008809,94 Lancelot Street,Blacktown,NSW,2148,House,3,1,1,562,-33.789364,150.9084,2026-08-18,by private treaty,950000,https://www.domain.com.au/94-lancelot-street-blacktown-nsw-2148-2021008809,Blacktown.html,1,Blacktown
2021011590,6 Garden Street,Blacktown,NSW,2148,House,4,2,6,556,-33.753593,150.92188,2026-08-20,by private treaty,1235000,https://www.domain.com.au/6-garden-street-blacktown-nsw-2148-2021011590,Blacktown.html,1,Blacktown
2021021271,41 Anthony Street,Blacktown,NSW,2148,House,3,1,1,,-33.750187,150.92145,2026-08-17,by private treaty,910000,https://www.domain.com.au/41-anthony-street-blacktown-nsw-2148-2021021271,Blacktown.html,1,Blacktown
2021028157,4 &4 A Joseph Street,Blacktown,NSW,2148,House,5,2,5,713,-33.781784,150.90298,2026-09-14,by private treaty,1340000,https://www.domain.com.au/4-4-a-joseph-street-blacktown-nsw-2148-2021028157,Blacktown.html,1,Blacktown
2021028342,13 Lancaster Street,Blacktown,NSW,2148,House,7,4,6,739,-33.768253,150.89288,2026-08-22,at auction,1900000,https://www.domain.com.au/13-lancaster-street-blacktown-nsw-2148-2021028342,Blacktown.html,1,Blacktown
2021058172,42 Burke Street,Blacktown,NSW,2148,House,5,3,6,,-33.78379,150.89537,2026-09-11,by private treaty,1260000,https://www.domain.com.au/42-burke-street-blacktown-nsw-2148-2021058172,Blacktown.html,1,Blacktown
2021064898,19 Stephen Street,Blacktown,NSW,2148,House,3,1,1,575,-33.755634,150.91685,2026-08-26,by private treaty,1062500,https://www.domain.com.au/19-stephen-street-blacktown-nsw-2148-2021064898,Blacktown.html,1,Blacktown
2021066693,9 Kirkman Road,Blacktown,NSW,2148,House,4,1,2,638,-33.77391,150.90092,2026-09-03,prior to auction,1070000,https://www.domain.com.au/9-kirkman-road-blacktown-nsw-2148-2021066693,Blacktown.html,1,Blacktown
2021120258,17 Carinya Street,Blacktown,NSW,2148,House,3,1,1,1182,-33.77061,150.90178,2026-09-01,by private treaty,1600000,https://www.domain.com.au/17-carinya-street-blacktown-nsw-2148-2021120258,Blacktown.html,1,Blacktown
2021139486,9 Cardiff Street,Blacktown,NSW,2148,House,5,2,2,556,-33.766544,150.91805,2026-09-08,by private treaty,1089000,https://www.domain.com.au/9-cardiff-street-blacktown-nsw-2148-2021139486,Blacktown.html,1,Blacktown
2020784714,12 Siebel Street,Blacktown,NSW,2148,House,5,2,1,560,-33.758507,150.88902,2026-08-05,by private treaty,1080000,https://www.domain.com.au/12-siebel-street-blacktown-nsw-2148-2020784714,Blacktown2.html,2,Blacktown
2020795474,9 Nicholas Street,Blacktown,NSW,2148,House,5,2,1,550,-33.778313,150.90259,2026-07-28,by private treaty,1200000,https://www.domain.com.au/9-nicholas-street-blacktown-nsw-2148-2020795474,Blacktown2.html,2,Blacktown
2020820776,2 Sparkle Avenue,Blacktown,NSW,2148,House,3,2,3,556,-33.781544,150.89061,2026-07-17,by private treaty,1100000,https://www.domain.com.au/2-sparkle-avenue-blacktown-nsw-2148-2020820776,Blacktown2.html,2,Blacktown
2020866176,94 Reservoir Road,Blacktown,NSW,2148,House,3,2,2,593,-33.785225,150.8996,2026-07-19,by private treaty,1000000,https://www.domain.com.au/94-reservoir-road-blacktown-nsw-2148-2020866176,Blacktown2.html,2,Blacktown
2020866983,2 Cooper Street,Blacktown,NSW,2148,House,3,1,1,556,-33.777637,150.90088,2026-07-17,by private treaty,999999,https://www.domain.com.au/2-cooper-street-blacktown-nsw-2148-2020866983,Blacktown2.html,2,Blacktown
2020872650,19 Valda Street,Blacktown,NSW,2148,House,3,1,2,550,-33.78458,150.90373,2026-07-18,by private treaty,925000,https://www.domain.com.au/19-valda-street-blacktown-nsw-2148-2020872650,Blacktown2.html,2,Blacktown
2020916590,53 - 53A Pelleas Street,Blacktown,NSW,2148,House,7,4,2,584,-33.789696,150.91354,2026-07-29,at auction,1700000,https://www.domain.com.au/53-53a-pelleas-street-blacktown-nsw-2148-2020916590,Blacktown2.html,2,Blacktown
2020933655,8 Prospect Street,Blacktown,NSW,2148,House,3,1,1,556,-33.77928,150.89606,2026-07-21,by private treaty,1050000,https://www.domain.com.au/8-prospect-street-blacktown-nsw-2148-2020933655,Blacktown2.html,2,Blacktown
2020934642,28 Cavendish Avenue,Blacktown,NSW,2148,House,3,2,3,556,-33.785645,150.91763,2026-07-17,by private treaty,1110000,https://www.domain.com.au/28-cavendish-avenue-blacktown-nsw-2148-2020934642,Blacktown2.html,2,Blacktown
2020938308,11-11a Virginia Street,Blacktown,NSW,2148,House,4,2,2,588,-33.757984,150.89313,2026-07-25,at auction,1075000,https://www.domain.com.au/11-11a-virginia-street-blacktown-nsw-2148-2020938308,Blacktown2.html,2,Blacktown
2020953723,42 William Street,Blacktown,NSW,2148,House,3,1,3,556,-33.76346,150.89612,2026-07-25,at auction,1010000,https://www.domain.com.au/42-william-street-blacktown-nsw-2148-2020953723,Blacktown2.html,2,Blacktown
2020956656,3 Kingsford Street,Blacktown,NSW,2148,House,3,2,1,,-33.751366,150.92326,2026-07-23,by private treaty,1050000,https://www.domain.com.au/3-kingsford-street-blacktown-nsw-2148-2020956656,Blacktown2.html,2,Blacktown
2020957142,25 Dagmar Crescent,Blacktown,NSW,2148,House,4,2,1,600,-33.776913,150.89758,2026-07-25,at auction,992500,https://www.domain.com.au/25-dagmar-crescent-blacktown-nsw-2148-2020957142,Blacktown2.html,2,Blacktown
2020967816,31 Kerry Road,Blacktown,NSW,2148,House,4,1,2,607,-33.770462,150.88713,2026-07-25,at auction,967000,https://www.domain.com.au/31-kerry-road-blacktown-nsw-2148-2020967816,Blacktown2.html,2,Blacktown
2020980446,19 Leonard Street,Blacktown,NSW,2148,House,3,2,3,543,-33.760674,150.89163,2026-07-30,prior to auction,927000,https://www.domain.com.au/19-leonard-street-blacktown-nsw-2148-2020980446,Blacktown2.html,2,Blacktown
2020986603,25 Virginia Street,Blacktown,NSW,2148,House,4,1,3,,-33.757805,150.89192,2026-07-26,at auction,1120000,https://www.domain.com.au/25-virginia-street-blacktown-nsw-2148-2020986603,Blacktown2.html,2,Blacktown
2021006298,202/3 Balmoral Street,Blacktown,NSW,2148,House,2,2,1,,-33.769623,150.90376,2026-07-18,by private treaty,600000,https://www.domain.com.au/202-3-balmoral-street-blacktown-nsw-2148-2021006298,Blacktown2.html,2,Blacktown
2021011301,4 Starr Place,Blacktown,NSW,2148,House,3,1,2,,-33.781788,150.89171,2026-07-18,by private treaty,1200000,https://www.domain.com.au/4-starr-place-blacktown-nsw-2148-2021011301,Blacktown2.html,2,Blacktown
2021012624,3 Bridge View Street,Blacktown,NSW,2148,House,5,2,2,803,-33.78765,150.9032,2026-07-27,by private treaty,1200000,https://www.domain.com.au/3-bridge-view-street-blacktown-nsw-2148-2021012624,Blacktown2.html,2,Blacktown
2021046479,59 Lancaster Street,Blacktown,NSW,2148,House,3,2,3,600,-33.775124,150.89177,2026-07-31,by private treaty,900000,https://www.domain.com.au/59-lancaster-street-blacktown-nsw-2148-2021046479,Blacktown2.html,2,Blacktown
